Datetime,Water Level (m)
2026-04-19 00:00:00,-0.0199947
2026-04-19 01:00:00,-0.1617721
2026-04-19 02:00:00,-0.30416065
2026-04-19 03:00:00,-0.4317593
2026-04-19 04:00:00,-0.42178738
2026-04-19 05:00:00,-0.10015949
2026-04-19 06:00:00,0.26341575
2026-04-19 07:00:00,0.5167348
2026-04-19 08:00:00,0.6851696
2026-04-19 09:00:00,0.7219211
2026-04-19 10:00:00,0.5726298
2026-04-19 11:00:00,0.35919747
2026-04-19 12:00:00,0.22393753
2026-04-19 13:00:00,0.103289336
2026-04-19 14:00:00,-0.027126724
2026-04-19 15:00:00,-0.16016601
2026-04-19 16:00:00,-0.24902345
2026-04-19 17:00:00,-0.055341173
2026-04-19 18:00:00,0.27177188
2026-04-19 19:00:00,0.49853474
2026-04-19 20:00:00,0.5996356
2026-04-19 21:00:00,0.5755922
2026-04-19 22:00:00,0.41617024
2026-04-19 23:00:00,0.22341958
2026-04-20 00:00:00,0.081029214
2026-04-20 01:00:00,-0.043320555
2026-04-20 02:00:00,-0.18399346
2026-04-20 03:00:00,-0.32006454
2026-04-20 04:00:00,-0.429833
2026-04-20 05:00:00,-0.26818275
2026-04-20 06:00:00,0.10040294
2026-04-20 07:00:00,0.43002778
2026-04-20 08:00:00,0.63997483
2026-04-20 09:00:00,0.75963384
2026-04-20 10:00:00,0.7366515
2026-04-20 11:00:00,0.54722875
2026-04-20 12:00:00,0.37032318
2026-04-20 13:00:00,0.2484971
2026-04-20 14:00:00,0.13079011
2026-04-20 15:00:00,0.0074577825
2026-04-20 16:00:00,-0.12212367
2026-04-20 17:00:00,-0.123412006
2026-04-20 18:00:00,0.15068632
2026-04-20 19:00:00,0.44076264
2026-04-20 20:00:00,0.59467685
2026-04-20 21:00:00,0.6455631
2026-04-20 22:00:00,0.5697872
2026-04-20 23:00:00,0.37753785
2026-04-21 00:00:00,0.19768351
2026-04-21 01:00:00,0.07139156
2026-04-21 02:00:00,-0.05491996
2026-04-21 03:00:00,-0.19350314
2026-04-21 04:00:00,-0.31001052
2026-04-21 05:00:00,-0.32450196
2026-04-21 06:00:00,-0.051811118
2026-04-21 07:00:00,0.28620276
2026-04-21 08:00:00,0.5204956
2026-04-21 09:00:00,0.69039863
2026-04-21 10:00:00,0.7773513
2026-04-21 11:00:00,0.7152885
2026-04-21 12:00:00,0.52674776
2026-04-21 13:00:00,0.37745935
2026-04-21 14:00:00,0.25826192
2026-04-21 15:00:00,0.1421209
2026-04-21 16:00:00,0.027704246
2026-04-21 17:00:00,-0.06311676
2026-04-21 18:00:00,0.017574994
2026-04-21 19:00:00,0.25875002
2026-04-21 20:00:00,0.4628218
2026-04-21 21:00:00,0.5383256
2026-04-21 22:00:00,0.5286781
2026-04-21 23:00:00,0.41397247
2026-04-22 00:00:00,0.24789494
2026-04-22 01:00:00,0.1037489
2026-04-22 02:00:00,-0.020172006
2026-04-22 03:00:00,-0.14870374
2026-04-22 04:00:00,-0.2714249
2026-04-22 05:00:00,-0.35680327
2026-04-22 06:00:00,-0.2596282
2026-04-22 07:00:00,0.031474933
2026-04-22 08:00:00,0.31434816
2026-04-22 09:00:00,0.4960598
2026-04-22 10:00:00,0.6326654
2026-04-22 11:00:00,0.6905059
2026-04-22 12:00:00,0.6060927
2026-04-22 13:00:00,0.4451453
2026-04-22 14:00:00,0.31893182
2026-04-22 15:00:00,0.20840655
2026-04-22 16:00:00,0.0999227
2026-04-22 17:00:00,-0.0009854361
2026-04-22 18:00:00,-0.0637836
2026-04-22 19:00:00,0.026332939
2026-04-22 20:00:00,0.23578127
2026-04-22 21:00:00,0.39101198
2026-04-22 22:00:00,0.4366923
2026-04-22 23:00:00,0.40752098
2026-04-23 00:00:00,0.29878634
2026-04-23 01:00:00,0.15098584
2026-04-23 02:00:00,0.019274604
2026-04-23 03:00:00,-0.09607082
2026-04-23 04:00:00,-0.21260145
2026-04-23 05:00:00,-0.3084012
2026-04-23 06:00:00,-0.35138664
2026-04-23 07:00:00,-0.20559411
2026-04-23 08:00:00,0.042926654
2026-04-23 09:00:00,0.2617706
2026-04-23 10:00:00,0.41214198
2026-04-23 11:00:00,0.51318336
2026-04-23 12:00:00,0.5562124
2026-04-23 13:00:00,0.4887971
2026-04-23 14:00:00,0.35244504
2026-04-23 15:00:00,0.226039
2026-04-23 16:00:00,0.118487544
2026-04-23 17:00:00,0.020602716
2026-04-23 18:00:00,-0.07401423
2026-04-23 19:00:00,-0.14227095
2026-04-23 20:00:00,-0.09665546
2026-04-23 21:00:00,0.05146755
2026-04-23 22:00:00,0.18182905
2026-04-23 23:00:00,0.23846625
2026-04-24 00:00:00,0.24080637
2026-04-24 01:00:00,0.1926622
2026-04-24 02:00:00,0.08583832
2026-04-24 03:00:00,-0.030569011
2026-04-24 04:00:00,-0.13212462
2026-04-24 05:00:00,-0.22262508
2026-04-24 06:00:00,-0.29480675
2026-04-24 07:00:00,-0.32524744
2026-04-24 08:00:00,-0.21186522
2026-04-24 09:00:00,-0.002027822
2026-04-24 10:00:00,0.19512166
2026-04-24 11:00:00,0.33288804
2026-04-24 12:00:00,0.42907152
2026-04-24 13:00:00,0.48251733
2026-04-24 14:00:00,0.4529215
2026-04-24 15:00:00,0.3466713
2026-04-24 16:00:00,0.22467144
2026-04-24 17:00:00,0.114837125
2026-04-24 18:00:00,0.01728076
2026-04-24 19:00:00,-0.07478414
2026-04-24 20:00:00,-0.16273001
2026-04-24 21:00:00,-0.1852627
2026-04-24 22:00:00,-0.08907974
2026-04-24 23:00:00,0.058941387
2026-04-25 00:00:00,0.14978756
